Age,Gender,Education Level,Job Titles,Years of Experience,Salary,Skills
32,Male,Bachelor's,Software Engineer,5,90000,"Python, Java, C++"
28,Female,Master's,Data Analyst,3,65000,"SQL, Excel, Python"
45,Male,PhD,Senior Manager,15,150000,"Leadership, Strategy, Project Management"
36,Female,Bachelor's,Sales Associate,7,60000,"Communication, Customer Service, Negotiation"
52,Male,Master's,Director,20,200000,"Leadership, Strategic Planning, Business Development"
29,Male,Bachelor's,Marketing Analyst,2,55000,"SEO, Google Analytics, Content Creation"
42,Female,Master's,Product Manager,12,120000,"Product Lifecycle Management, Agile, UX Design"
31,Male,Bachelor's,Sales Manager,4,80000,"Sales Strategy, CRM, Team Leadership"
26,Female,Bachelor's,Marketing Coordinator,1,45000,"Social Media, Content Creation, Copywriting"
38,Male,PhD,Senior Scientist,10,110000,"Research, Data Analysis, Lab Management"
29,Male,Master's,Software Developer,3,75000,"Java, Spring Boot, SQL"
48,Female,Bachelor's,HR Manager,18,140000,"Recruitment, Employee Relations, HRIS"
35,Male,Bachelor's,Financial Analyst,6,65000,"Financial Modeling, Excel, Forecasting"
40,Female,Master's,Project Manager,14,130000,"Project Management, Agile, Risk Management"
27,Male,Bachelor's,Customer Service Rep,2,40000,"Customer Support, Communication, Problem-Solving"
44,Male,Bachelor's,Operations Manager,16,125000,"Operations Management, Process Improvement, Lean"
33,Female,Master's,Marketing Manager,7,90000,"SEO, Marketing Strategy, Content Marketing"
39,Male,PhD,Senior Engineer,12,115000,"CAD, Engineering Design, Project Management"
25,Female,Bachelor's,Data Entry Clerk,0,35000,"Typing, Data Management, Attention to Detail"
51,Male,Bachelor's,Sales Director,22,180000,"Sales Leadership, Negotiation, Strategic Planning"
34,Female,Master's,Business Analyst,5,80000,"SQL, Data Analysis, Process Improvement"
47,Male,Master's,VP of Operations,19,190000,"Operations Management, Strategic Planning, Leadership"
30,Male,Bachelor's,IT Support,2,50000,"Troubleshooting, Windows, Networking"
36,Female,Bachelor's,Recruiter,9,60000,"Recruitment, Interviewing, HR Policies"
41,Male,Master's,Financial Manager,13,140000,"Financial Planning, Budgeting, Forecasting"
28,Female,Bachelor's,Social Media Specialist,3,45000,"Social Media, Content Creation, SEO"
37,Female,Master's,Software Manager,11,110000,"Software Development, Team Leadership, Agile"
24,Male,Bachelor's,Junior Developer,1,40000,"HTML, CSS, JavaScript"
43,Female,PhD,Senior Consultant,15,140000,"Consulting, Strategy, Business Analysis"
33,Male,Master's,Product Designer,6,90000,"UX/UI Design, Prototyping, Adobe Creative Suite"
50,Male,Bachelor's,CEO,25,250000,"Leadership, Strategic Planning, Business Development"
31,Female,Bachelor's,Accountant,4,55000,"Accounting, Excel, Financial Reporting"
29,Male,Master's,Data Scientist,3,75000,"Python, Machine Learning, Data Analysis"
39,Female,Bachelor's,Marketing Specialist,10,65000,"SEO, Marketing Strategy, Content Marketing"
46,Male,PhD,Senior Manager,20,170000,"Leadership, Project Management, Strategy"
27,Male,Bachelor's,Technical Writer,2,45000,"Technical Writing, Documentation, Communication"
35,Female,Bachelor's,HR Generalist,7,60000,"HR Policies, Recruitment, Employee Relations"
42,Male,Master's,Project Engineer,14,115000,"Project Management, Engineering, CAD"
26,Female,Bachelor's,Customer Success Rep,1,40000,"Customer Support, CRM, Communication"
49,Male,Bachelor's,Sales Executive,21,160000,"Sales Strategy, Negotiation, CRM"
34,Female,Master's,UX Designer,5,80000,"UX Design, Prototyping, User Research"
48,Male,Master's,Operations Director,18,190000,"Operations Management, Leadership, Strategic Planning"
30,Male,Bachelor's,Network Engineer,3,60000,"Networking, Troubleshooting, Cisco"
36,Female,Bachelor's,Administrative Assistant,8,45000,"Office Management, Microsoft Office, Scheduling"
41,Male,Master's,Strategy Consultant,13,130000,"Consulting, Strategy, Business Analysis"
28,Female,Bachelor's,Copywriter,2,40000,"Copywriting, Content Creation, SEO"
32,Male,Bachelor's,Account Manager,5,75000,"Account Management, Sales, Communication"
45,Female,Master's,Director of Marketing,16,180000,"Marketing Strategy, Leadership, Business Development"
38,Male,PhD,Senior Scientist,11,120000,"Research, Data Analysis, Project Management"
25,Male,Bachelor's,Help Desk Analyst,0,35000,"Troubleshooting, Customer Support, Windows"
51,Female,Bachelor's,Customer Service Manager,22,130000,"Customer Service, Leadership, CRM"
33,Male,Master's,Business Intelligence Analyst,7,85000,"SQL, Data Analysis, Power BI"
40,Female,Bachelor's,Event Coordinator,12,60000,"Event Planning, Coordination, Communication"
47,Male,Master's,VP of Finance,19,200000,"Finance, Leadership, Budgeting"
29,Female,Bachelor's,Graphic Designer,3,50000,"Adobe Creative Suite, Graphic Design, Branding"
36,Male,Bachelor's,Sales Manager,9,95000,"Sales Strategy, CRM, Team Leadership"
27,Female,Master's,UX Researcher,2,65000,"UX Research, User Testing, Prototyping"
43,Male,PhD,Senior Engineer,17,140000,"CAD, Engineering Design, Project Management"
30,Female,Bachelor's,Social Media Manager,4,55000,"Social Media, Content Creation, SEO"
35,Male,Master's,Product Manager,7,105000,"Product Management, Agile, UX Design"
51,Female,Master's,Director of Operations,23,170000,"Operations Management, Leadership, Strategic Planning"
29,Male,Bachelor's,Marketing Analyst,3,55000,"SEO, Google Analytics, Content Creation"
45,Female,Bachelor's,Senior Consultant,20,150000,"Consulting, Business Analysis, Strategy"
26,Male,Bachelor's,Junior Developer,1,45000,"HTML, CSS, JavaScript"
52,Male,PhD,Senior Manager,25,160000,"Leadership, Project Management, Strategy"
37,Female,Bachelor's,HR Generalist,12,70000,"HR Policies, Employee Relations, Recruitment"
32,Male,Bachelor's,Financial Analyst,5,65000,"Financial Modeling, Excel, Data Analysis"
50,Female,Master's,VP of Marketing,20,220000,"Marketing Strategy, Leadership, Business Development"
22,Female,Bachelor's,Junior Data Analyst,0,40000,"SQL, Excel, Python"
54,Male,Master's,Chief Technology Officer,25,250000,"Leadership, Software Development, Strategy"
37,Male,PhD,Research Scientist,12,120000,"Research, Data Analysis, Python"
29,Female,Bachelor's,Content Writer,3,45000,"Writing, SEO, Content Marketing"
41,Male,Master's,Cloud Architect,15,140000,"AWS, Azure, Cloud Computing"
32,Female,Master's,UX/UI Designer,6,80000,"UX Design, UI Design, Prototyping"
40,Male,Bachelor's,Database Administrator,14,110000,"SQL, Oracle, Database Management"
27,Female,Master's,Financial Planner,4,65000,"Financial Planning, Investment, Risk Management"
35,Male,Bachelor's,Mobile App Developer,7,85000,"Android, iOS, Flutter"
45,Female,PhD,Senior Data Scientist,20,160000,"Data Science, Machine Learning, Python"
31,Male,Bachelor's,IT Support Specialist,3,50000,"Troubleshooting, Networking, Windows"
38,Female,Master's,Business Development Manager,12,115000,"Business Development, Sales, Negotiation"
26,Male,Bachelor's,Web Developer,2,55000,"HTML, CSS, JavaScript"
50,Female,PhD,Senior Economist,22,180000,"Economics, Data Analysis, Policy Analysis"
44,Male,Bachelor's,Network Security Engineer,16,125000,"Cybersecurity, Networking, Firewalls"
33,Female,Bachelor's,Project Coordinator,5,60000,"Project Management, Communication, Scheduling"
39,Male,Master's,DevOps Engineer,10,105000,"CI/CD, Docker, Kubernetes"
28,Female,Bachelor's,Marketing Associate,3,50000,"Marketing, Social Media, Copywriting"
46,Male,PhD,Artificial Intelligence Engineer,18,170000,"AI, Machine Learning, Python"
34,Female,Master's,Data Engineer,6,90000,"ETL, SQL, Big Data"
52,Male,Master's,Chief Operating Officer,24,220000,"Operations Management, Leadership, Strategy"
30,Female,Bachelor's,SEO Specialist,3,55000,"SEO, Google Analytics, Content Strategy"
41,Male,Bachelor's,Systems Administrator,14,95000,"Windows Server, Linux, Networking"
29,Female,Master's,Machine Learning Engineer,4,85000,"Python, TensorFlow, Machine Learning"
43,Male,Bachelor's,Product Owner,15,130000,"Agile, Product Management, Scrum"
37,Female,PhD,Senior Researcher,10,125000,"Research, Data Analysis, Academic Writing"
22,Male,Bachelor's,IT Technician,1,40000,"Troubleshooting, Hardware, Networking"
48,Female,Master's,Director of Finance,20,170000,"Finance, Leadership, Budgeting"
26,Male,Bachelor's,Digital Marketing Specialist,2,50000,"Digital Marketing, SEO, Content Creation"
54,Male,Bachelor's,Senior Project Manager,25,175000,"Project Management, Leadership, Risk Management"
31,Female,Master's,HR Business Partner,7,75000,"HR Strategy, Employee Relations, Recruitment"
40,Male,PhD,Data Architect,15,150000,"Data Modeling, SQL, Big Data"
35,Female,Bachelor's,Legal Advisor,8,85000,"Legal Research, Contract Negotiation, Compliance"
29,Male,Bachelor's,Application Support Analyst,3,60000,"SQL, Troubleshooting, Software Support"
47,Female,PhD,Principal Scientist,18,160000,"Research, Data Analysis, Lab Management"
43,Male,Bachelor's,Senior Business Analyst,17,135000,"Business Analysis, Process Improvement, SQL"
25,Female,Bachelor's,Digital Content Creator,2,45000,"Content Creation, Video Editing, Social Media"
49,Male,Master's,Head of Engineering,22,200000,"Leadership, Software Development, Agile"
36,Female,Bachelor's,Office Manager,10,65000,"Office Management, Scheduling, Customer Service"
28,Male,Bachelor's,Technical Support Engineer,3,50000,"Technical Support, Networking, Windows"
44,Female,Master's,Business Consultant,15,140000,"Business Strategy, Process Improvement, Consulting"
32,Male,PhD,Lead Data Scientist,8,130000,"Data Science, Python, Machine Learning"
53,Female,Master's,Director of Marketing,23,180000,"Marketing Strategy, Leadership, Business Development"
39,Male,Bachelor's,Technical Account Manager,10,100000,"Account Management, Technical Support, Sales"
24,Female,Bachelor's,Administrative Coordinator,1,38000,"Office Management, Communication, Scheduling"
50,Male,Master's,VP of Product,22,200000,"Product Management, Leadership, Strategy"
34,Female,Bachelor's,Product Marketing Manager,6,85000,"Product Marketing, Go-to-Market Strategy, SEO"
42,Male,PhD,Principal Data Scientist,15,150000,"Data Science, Machine Learning, Python"
38,Female,Bachelor's,Brand Manager,12,110000,"Branding, Marketing Strategy, Leadership"
31,Male,Bachelor's,Data Analyst,4,60000,"SQL, Data Analysis, Excel"
28,Female,Bachelor's,Social Media Coordinator,3,50000,"Social Media, Content Creation, SEO"
40,Male,PhD,Research Engineer,12,130000,"Research, Engineering, Data Analysis"
36,Female,Master's,Business Operations Manager,10,120000,"Operations Management, Leadership, Strategy"
22,Male,Bachelor's,Software Tester,1,45000,"Software Testing, QA, Automation"
49,Female,Bachelor's,Customer Success Manager,20,130000,"Customer Success, Account Management, CRM"
27,Male,Bachelor's,Junior Marketing Analyst,2,50000,"Marketing, Google Analytics, SEO"
33,Female,Bachelor's,IT Project Manager,6,90000,"Project Management, IT, Agile"
45,Male,Master's,Senior Product Manager,18,150000,"Product Management, Leadership, Agile"
26,Female,Master's,Junior Financial Analyst,2,55000,"Financial Analysis, Excel, Data Visualization"
34,Male,Bachelor's,Senior Web Developer,8,90000,"HTML, CSS, JavaScript, React"
40,Female,Master's,Organizational Development Consultant,15,135000,"Change Management, Leadership Development, HR"
29,Male,Bachelor's,Technical Writer,4,60000,"Technical Writing, Documentation, Copy Editing"
47,Female,PhD,Senior Research Analyst,20,145000,"Research, Data Analysis, Report Writing"
35,Male,Bachelor's,Systems Engineer,10,105000,"Systems Design, Networking, Troubleshooting"
30,Female,Bachelor's,Product Designer,5,75000,"UX Design, Prototyping, Wireframing"
42,Male,Master's,Supply Chain Manager,17,120000,"Supply Chain Management, Logistics, Procurement"
27,Female,Bachelor's,Event Coordinator,3,50000,"Event Planning, Communication, Budgeting"
50,Male,PhD,Director of Research,22,200000,"Research Management, Data Analysis, Leadership"
33,Female,Bachelor's,Software Developer,6,80000,"Java, C++, Software Development"
39,Male,Master's,Operations Manager,13,115000,"Operations Management, Strategy, Leadership"
25,Female,Bachelor's,Marketing Coordinator,2,48000,"Marketing, SEO, Social Media"
48,Male,Bachelor's,Senior Systems Analyst,21,140000,"Systems Analysis, Business Process Improvement"
36,Female,Master's,Data Privacy Officer,10,130000,"Data Privacy, Compliance, Risk Management"
31,Male,Bachelor's,Cybersecurity Analyst,5,85000,"Cybersecurity, Networking, Firewalls"
45,Female,PhD,Senior Academic Advisor,18,140000,"Academic Counseling, Student Services, Leadership"
28,Male,Bachelor's,Media Buyer,3,55000,"Media Buying, Digital Advertising, Negotiation"
44,Female,Master's,Director of Customer Service,15,145000,"Customer Service, Leadership, Strategy"
38,Male,PhD,Senior Data Engineer,12,135000,"Data Engineering, SQL, Big Data"
32,Female,Bachelor's,QA Engineer,6,75000,"Quality Assurance, Testing, Automation"
53,Male,Master's,Chief Information Security Officer,24,230000,"Cybersecurity, Risk Management, Leadership"
26,Female,Bachelor's,Social Media Specialist,2,47000,"Social Media, Content Creation, Analytics"
41,Male,PhD,Head of Data Science,18,175000,"Data Science, Machine Learning, Leadership"
35,Female,Master's,Corporate Trainer,10,120000,"Training, Instructional Design, Leadership"
37,Male,Bachelor's,IT Operations Manager,12,110000,"IT Operations, Networking, Leadership"
29,Female,Bachelor's,SEO Manager,4,65000,"SEO, Google Analytics, Content Marketing"
46,Male,PhD,Principal Machine Learning Engineer,20,180000,"Machine Learning, AI, Python"
30,Female,Master's,Policy Analyst,5,75000,"Policy Analysis, Research, Data Analysis"
49,Male,Bachelor's,Business Intelligence Analyst,21,150000,"Business Intelligence, SQL, Data Visualization"
33,Female,Bachelor's,Technical Recruiter,7,70000,"Recruitment, HR, Sourcing"
42,Male,Master's,Senior IT Consultant,17,130000,"IT Consulting, Business Analysis, Strategy"
25,Female,Bachelor's,Graphic Designer,2,45000,"Graphic Design, Adobe Creative Suite, Branding"
47,Male,Master's,Product Development Manager,22,170000,"Product Development, Leadership, Strategy"
38,Female,PhD,Clinical Research Scientist,13,140000,"Clinical Research, Data Analysis, Lab Management"
34,Male,Bachelor's,Front-End Developer,7,85000,"HTML, CSS, JavaScript, React"
31,Female,Master's,Operations Research Analyst,5,95000,"Operations Research, Data Analysis, Optimization"
29,Male,Bachelor's,Digital Strategist,3,60000,"Digital Strategy, Marketing, SEO"
40,Female,PhD,Senior Compliance Officer,16,135000,"Compliance, Risk Management, Policy Development"
36,Male,Master's,Senior Cloud Engineer,11,120000,"Cloud Computing, AWS, Azure"
48,Female,Bachelor's,Senior Account Manager,20,130000,"Account Management, Sales, Customer Relationship"
27,Male,Bachelor's,IT Analyst,3,60000,"IT Analysis, Troubleshooting, SQL"
39,Female,PhD,Senior Statistician,14,140000,"Statistics, Data Analysis, R"
32,Male,Bachelor's,Software Quality Assurance Specialist,6,80000,"QA, Testing, Automation"
53,Female,Master's,Director of Human Resources,25,180000,"HR Strategy, Leadership, Employee Relations"
44,Male,Bachelor's,Network Architect,19,150000,"Network Design, Networking, Security"
28,Female,Master's,Market Research Analyst,4,70000,"Market Research, Data Analysis, Survey Design"
41,Male,PhD,Senior Machine Learning Researcher,17,160000,"Machine Learning, AI, Research"
37,Female,Bachelor's,Customer Support Supervisor,10,95000,"Customer Support, Leadership, CRM"
33,Male,Bachelor's,Application Developer,8,85000,"Java, Python, Software Development"
46,Female,Master's,Senior Organizational Development Specialist,20,140000,"Organizational Development, Leadership, HR"
31,Male,Bachelor's,Network Administrator,5,80000,"Networking, Cisco, Windows Server"
50,Female,PhD,Principal Research Scientist,24,185000,"Research, Data Analysis, Report Writing"
35,Male,Bachelor's,UI/UX Developer,9,90000,"UI/UX Design, HTML, CSS, JavaScript"
42,Female,Master's,Director of Business Intelligence,19,160000,"Business Intelligence, Data Analysis, Leadership"
38,Male,PhD,Senior Data Scientist,13,145000,"Data Science, Machine Learning, Python"
27,Female,Bachelor's,Talent Acquisition Specialist,3,55000,"Recruitment, HR, Interviewing"
54,Male,Bachelor's,Senior Project Engineer,25,175000,"Project Management, Engineering, Leadership"
36,Female,Bachelor's,Technical Support Specialist,8,75000,"Technical Support, Troubleshooting, Networking"
32,Male,Bachelor's,Full Stack Developer,6,90000,"HTML, CSS, JavaScript, Node.js"
41,Female,Master's,Director of Operations,17,150000,"Operations Management, Leadership, Strategy"
48,Male,PhD,Principal Software Engineer,22,180000,"Software Development, Leadership, Agile"
29,Female,Bachelor's,Digital Marketing Manager,4,65000,"Digital Marketing, SEO, Content Strategy"
40,Male,Master's,Senior IT Auditor,16,140000,"IT Audit, Compliance, Risk Management"
33,Female,Bachelor's,Software Engineer,8,85000,"Python, Java, Software Development"
45,Male,PhD,Senior Economist,20,170000,"Economics, Data Analysis, Policy Analysis"
35,Female,Master's,Director of Learning and Development,10,145000,"Learning and Development, HR, Leadership"
27,Male,Bachelor's,Junior Data Scientist,3,60000,"Data Science, Python, SQL"
42,Female,PhD,Senior Operations Research Scientist,17,155000,"Operations Research, Data Analysis, Optimization"
39,Male,Bachelor's,Senior Technical Consultant,14,135000,"IT Consulting, Technical Support, Troubleshooting"
30,Female,Bachelor's,Marketing Analyst,5,65000,"Marketing, Data Analysis, Excel"
49,Male,Master's,Head of Data Engineering,22,190000,"Data Engineering, Leadership, Big Data"
38,Female,Bachelor's,Talent Management Specialist,12,115000,"Talent Management, HR, Leadership"
34,Male,Bachelor's,DevOps Specialist,7,100000,"CI/CD, Docker, Kubernetes"
26,Female,Master's,Digital Marketing Strategist,3,60000,"Digital Marketing, SEO, Social Media"
28,Female,Bachelor's,Data Analyst,4,62000,"Data Analysis, SQL, Excel"
41,Male,Master's,Senior UX/UI Designer,15,125000,"UX Design, Wireframing, Prototyping"
30,Female,Bachelor's,IT Support Specialist,6,70000,"IT Support, Troubleshooting, Networking"
35,Male,Bachelor's,Cloud Solutions Architect,8,95000,"Cloud Computing, AWS, Azure"
29,Female,Master's,Research Scientist,5,70000,"Research, Data Analysis, Experimentation"
38,Male,Bachelor's,CRM Manager,10,85000,"CRM Systems, Customer Relationship Management"
45,Female,PhD,Director of Analytics,18,155000,"Analytics, Data Science, Leadership"
27,Male,Bachelor's,Junior Graphic Designer,3,50000,"Graphic Design, Adobe Creative Suite"
40,Female,Master's,Operations Director,15,140000,"Operations Management, Leadership, Strategy"
33,Male,PhD,Senior Data Scientist,10,125000,"Data Science, Machine Learning, Python"
31,Female,Bachelor's,SEO Specialist,7,75000,"SEO, Google Analytics, Content Marketing"
36,Male,Bachelor's,Embedded Systems Engineer,12,95000,"Embedded Systems, C++, Hardware"
28,Female,Bachelor's,Social Media Manager,4,60000,"Social Media Marketing, Content Creation"
42,Male,Master's,Corporate Strategy Manager,17,130000,"Strategy, Business Development, Leadership"
37,Female,Bachelor's,QA Manager,12,85000,"Quality Assurance, Team Management, Testing"
50,Male,PhD,Chief Data Officer,20,200000,"Data Management, Leadership, Big Data"
32,Female,Master's,Senior Product Manager,8,120000,"Product Management, Market Research, Strategy"
41,Male,Bachelor's,IT Project Manager,14,105000,"Project Management, IT Solutions, Leadership"
29,Female,Bachelor's,Marketing Communications Specialist,5,65000,"Marketing Communications, Content Strategy"
44,Male,Master's,Director of Engineering,20,150000,"Engineering Management, Leadership, Strategy"
39,Female,Bachelor's,Event Planner,12,70000,"Event Planning, Coordination, Budgeting"
27,Male,Master's,Financial Controller,3,68000,"Financial Reporting, Budgeting, Compliance"
34,Female,PhD,Principal Research Engineer,11,130000,"Research, Engineering, Leadership"
43,Male,Bachelor's,Solutions Architect,18,145000,"Solutions Architecture, IT Strategy, Leadership"
31,Female,Master's,HR Business Partner,7,75000,"HR Management, Recruitment, Employee Relations"
36,Male,Bachelor's,Product Owner,10,95000,"Product Management, Agile, Scrum"
28,Female,PhD,Senior Biostatistician,5,70000,"Biostatistics, Data Analysis, Research"
45,Male,Master's,VP of Sales,20,160000,"Sales Strategy, Leadership, Business Development"
33,Female,Bachelor's,E-commerce Manager,8,80000,"E-commerce, Digital Marketing, Analytics"
40,Male,Bachelor's,Senior Database Administrator,15,110000,"Database Management, SQL, Performance Tuning"
27,Female,Bachelor's,Technical Recruiter,4,58000,"Recruitment, Technical Screening, Sourcing"
31,Male,PhD,Senior Quantitative Analyst,8,95000,"Quantitative Analysis, Data Modeling, Python"
46,Female,Master's,Director of Product Development,22,160000,"Product Development, Strategy, Leadership"
30,Male,Bachelor's,Application Support Specialist,6,70000,"Application Support, Troubleshooting, SQL"
41,Female,PhD,Senior Clinical Research Associate,15,135000,"Clinical Research, Data Analysis, Management"
35,Male,Bachelor's,Enterprise Architect,12,125000,"Enterprise Architecture, IT Strategy, Leadership"
29,Female,Bachelor's,Research Analyst,5,60000,"Research, Data Analysis, Reporting"
48,Male,PhD,Principal Data Engineer,20,180000,"Data Engineering, Leadership, Big Data"
37,Female,Master's,Chief Marketing Officer,15,150000,"Marketing Strategy, Leadership, Brand Management"
34,Male,Bachelor's,Front-End Web Developer,7,75000,"JavaScript, React, HTML/CSS"
28,Female,Bachelor's,Junior Business Analyst,3,55000,"Business Analysis, Data Visualization, Excel"
29,Male,Bachelor's,Marketing Analyst,5,68000,"Marketing Analysis, Data Interpretation, SEO"
32,Female,Master's,Senior Network Engineer,8,90000,"Networking, Network Security, Troubleshooting"
39,Male,Bachelor's,Content Strategist,12,80000,"Content Strategy, SEO, Copywriting"
27,Female,PhD,Computational Scientist,4,72000,"Computational Modeling, Data Analysis, Python"
44,Male,Master's,Director of Customer Service,18,130000,"Customer Service, Team Leadership, Strategy"
37,Female,Bachelor's,IT Security Analyst,10,85000,"IT Security, Risk Assessment, Vulnerability"
31,Male,Bachelor's,Mobile App Developer,6,80000,"iOS Development, Android Development, Swift"
45,Female,PhD,Lead Data Scientist,20,155000,"Data Science, Machine Learning, Leadership"
29,Male,Bachelor's,User Interface Designer,5,70000,"UI Design, Adobe XD, Figma"
34,Female,Master's,Senior Project Manager,10,95000,"Project Management, Agile, Team Leadership"
38,Male,Bachelor's,Product Designer,12,85000,"Product Design, UX/UI, Prototyping"
30,Female,Bachelor's,Financial Analyst,6,72000,"Financial Analysis, Excel, Financial Modeling"
42,Male,Master's,Head of Engineering,15,140000,"Engineering Leadership, Strategy, Management"
28,Female,Bachelor's,Junior Data Scientist,4,60000,"Data Analysis, Python, SQL"
33,Male,PhD,Lead Biochemist,10,110000,"Biochemistry, Research, Data Analysis"
41,Female,Bachelor's,Clinical Research Coordinator,16,85000,"Clinical Research, Data Management, Coordination"
29,Male,Master's,Software Development Manager,6,95000,"Software Development, Team Management, Agile"
36,Female,Bachelor's,SEO Specialist,12,78000,"SEO, SEM, Google Analytics"
32,Male,Bachelor's,IT Consultant,8,85000,"IT Consulting, System Analysis, Problem Solving"
39,Female,PhD,Senior Research Engineer,15,130000,"Research Engineering, Data Analysis, Leadership"
35,Male,Bachelor's,Cloud Infrastructure Engineer,12,95000,"Cloud Computing, AWS, Infrastructure"
27,Female,Master's,Business Intelligence Analyst,5,70000,"BI Tools, Data Visualization, SQL"
40,Male,Bachelor's,UX Researcher,14,85000,"User Research, UX Testing, Data Analysis"
47,Female,PhD,Chief Technology Officer,20,180000,"Technology Strategy, Leadership, Innovation"
31,Male,Bachelor's,IT Business Analyst,7,75000,"Business Analysis, IT Solutions, Requirements Gathering"
37,Female,Master's,Senior Communications Manager,12,80000,"Communications, Media Relations, Strategy"
29,Male,PhD,Senior Research Scientist,6,90000,"Scientific Research, Data Analysis, Leadership"
34,Female,Bachelor's,Logistics Coordinator,10,70000,"Logistics Management, Supply Chain, Coordination"
32,Male,Master's,Senior Database Developer,8,85000,"Database Development, SQL, Performance Tuning"
41,Female,Bachelor's,Talent Acquisition Specialist,15,85000,"Recruitment, Talent Acquisition, HR"
28,Male,PhD,Lead Data Engineer,4,70000,"Data Engineering, Python, Big Data"
39,Female,Master's,Director of R&D,14,130000,"Research and Development, Innovation, Leadership"
30,Male,Bachelor's,Web Developer,6,75000,"Web Development, JavaScript, HTML/CSS"
26,Female,Bachelor's,Data Analyst,4,65000,"Data Analysis, SQL, Excel"
33,Male,Master's,Cloud Solutions Architect,10,95000,"Cloud Architecture, AWS, Azure"
41,Female,Bachelor's,UX/UI Designer,15,83000,"UX Design, UI Design, Prototyping"
29,Male,PhD,Senior Quantum Computing Scientist,5,85000,"Quantum Computing, Data Analysis, Research"
35,Female,Bachelor's,Financial Planner,12,75000,"Financial Planning, Investment Strategies, Analysis"
40,Male,Master's,Head of Operations,15,120000,"Operations Management, Process Improvement, Leadership"
27,Female,Bachelor's,Marketing Specialist,5,68000,"Digital Marketing, Content Creation, SEO"
36,Male,PhD,Chief Data Officer,12,140000,"Data Strategy, Leadership, Big Data"
31,Female,Bachelor's,Product Manager,7,80000,"Product Management, Agile, Market Research"
42,Male,Master's,Senior IT Manager,18,110000,"IT Management, Strategy, Infrastructure"
38,Female,Bachelor's,HR Business Partner,15,76000,"HR Strategy, Employee Relations, Recruitment"
29,Male,PhD,Principal Software Engineer,6,90000,"Software Engineering, Architecture, Leadership"
32,Female,Master's,Business Development Manager,8,85000,"Business Development, Sales, Strategic Planning"
27,Male,Bachelor's,Graphic Designer,4,60000,"Graphic Design, Adobe Creative Suite, Branding"
30,Female,PhD,Senior Biostatistician,6,70000,"Biostatistics, Data Analysis, Research"
37,Male,Bachelor's,Mechanical Engineer,12,78000,"Mechanical Engineering, CAD, Project Management"
34,Female,Master's,Technical Project Manager,10,85000,"Project Management, Technical Expertise, Leadership"
29,Male,Bachelor's,DevOps Engineer,5,72000,"DevOps, CI/CD, Cloud Computing"
38,Female,PhD,Lead Data Architect,14,125000,"Data Architecture, Big Data, Strategy"
43,Male,Bachelor's,Legal Consultant,18,95000,"Legal Consulting, Compliance, Contracts"
31,Female,Master's,Customer Success Manager,7,76000,"Customer Success, Account Management, Strategy"
36,Male,Bachelor's,Supply Chain Manager,12,80000,"Supply Chain Management, Logistics, Negotiation"
32,Female,PhD,Senior Machine Learning Engineer,8,92000,"Machine Learning, Data Science, Python"
29,Male,Master's,Financial Controller,5,75000,"Financial Control, Reporting, Budgeting"
38,Female,Bachelor's,Environmental Consultant,12,78000,"Environmental Science, Sustainability, Consulting"
27,Male,Bachelor's,Front-End Developer,5,70000,"HTML, CSS, JavaScript, React"
41,Female,PhD,Senior Cybersecurity Analyst,15,115000,"Cybersecurity, Risk Management, Forensics"
